"Path","Ext","Kind","Width","Height","SizeKB"
"E:\FFmpeg_whisper\ffmpeg_music_player\design_exports\netease_ui_pack_20260309\components\auth\auth_module_showcase@2x.png",".png","raster","1600","1000","195.23"
"E:\FFmpeg_whisper\ffmpeg_music_player\design_exports\netease_ui_pack_20260309\components\base\base_control_showcase@2x.png",".png","raster","1600","1000","176.8"
"E:\FFmpeg_whisper\ffmpeg_music_player\design_exports\netease_ui_pack_20260309\components\base\button_state_showcase@2x.png",".png","raster","1600","1000","157.42"
"E:\FFmpeg_whisper\ffmpeg_music_player\design_exports\netease_ui_pack_20260309\components\base\check_radio_states_showcase@2x.png",".png","raster","1600","1000","137.46"
"E:\FFmpeg_whisper\ffmpeg_music_player\design_exports\netease_ui_pack_20260309\components\base\input_state_showcase@2x.png",".png","raster","1600","1000","150.33"
"E:\FFmpeg_whisper\ffmpeg_music_player\design_exports\netease_ui_pack_20260309\components\base\switch_dropdown_states_showcase@2x.png",".png","raster","1600","1000","146.9"
"E:\FFmpeg_whisper\ffmpeg_music_player\design_exports\netease_ui_pack_20260309\components\base\tag_tooltip_states_showcase@2x.png",".png","raster","1600","1000","148.19"
"E:\FFmpeg_whisper\ffmpeg_music_player\design_exports\netease_ui_pack_20260309\components\list\music_row_showcase@2x.png",".png","raster","1600","1000","143.01"
"E:\FFmpeg_whisper\ffmpeg_music_player\design_exports\netease_ui_pack_20260309\components\navigation\recommend_module_showcase@2x.png",".png","raster","1600","1000","133.88"
"E:\FFmpeg_whisper\ffmpeg_music_player\design_exports\netease_ui_pack_20260309\components\page\download_page_mockup@2x.png",".png","raster","1600","1000","139.19"
"E:\FFmpeg_whisper\ffmpeg_music_player\design_exports\netease_ui_pack_20260309\components\page\guest_page_mockup@2x.png",".png","raster","1600","1000","211.31"
"E:\FFmpeg_whisper\ffmpeg_music_player\design_exports\netease_ui_pack_20260309\components\page\home_page_mockup@2x.png",".png","raster","1600","1000","215.01"
"E:\FFmpeg_whisper\ffmpeg_music_player\design_exports\netease_ui_pack_20260309\components\page\player_page_mockup@2x.png",".png","raster","1600","1000","166.04"
"E:\FFmpeg_whisper\ffmpeg_music_player\design_exports\netease_ui_pack_20260309\components\page\queue_page_mockup@2x.png",".png","raster","1600","1000","217.15"
"E:\FFmpeg_whisper\ffmpeg_music_player\design_exports\netease_ui_pack_20260309\components\page\search_page_mockup@2x.png",".png","raster","1600","1000","163.17"
"E:\FFmpeg_whisper\ffmpeg_music_player\design_exports\netease_ui_pack_20260309\components\page\theme_comparison_showcase@2x.png",".png","raster","1600","1000","160.28"
"E:\FFmpeg_whisper\ffmpeg_music_player\design_exports\netease_ui_pack_20260309\components\page\user_center_mockup@2x.png",".png","raster","1600","1000","158.09"
"E:\FFmpeg_whisper\ffmpeg_music_player\design_exports\netease_ui_pack_20260309\components\player\player_control_showcase@2x.png",".png","raster","1600","1000","87.23"
"E:\FFmpeg_whisper\ffmpeg_music_player\design_exports\netease_ui_pack_20260309\components\player\player_icon_states_showcase@2x.png",".png","raster","1600","1000","89.49"
"E:\FFmpeg_whisper\ffmpeg_music_player\design_exports\netease_ui_pack_20260309\components\plugin\dialog_menu_dark_showcase@2x.png",".png","raster","1600","1000","114.05"
"E:\FFmpeg_whisper\ffmpeg_music_player\design_exports\netease_ui_pack_20260309\components\plugin\feedback_state_showcase@2x.png",".png","raster","1600","1000","167.89"
"E:\FFmpeg_whisper\ffmpeg_music_player\design_exports\netease_ui_pack_20260309\components\plugin\system_feedback_showcase@2x.png",".png","raster","1600","1000","192.21"
"E:\FFmpeg_whisper\ffmpeg_music_player\design_exports\netease_ui_pack_20260309\components\settings\settings_plugin_showcase@2x.png",".png","raster","1600","1000","145.23"
"E:\FFmpeg_whisper\ffmpeg_music_player\design_exports\netease_ui_pack_20260309\components\video\video_icon_states_showcase@2x.png",".png","raster","1600","1000","88.07"
"E:\FFmpeg_whisper\ffmpeg_music_player\design_exports\netease_ui_pack_20260309\icon\ui\base\base_icon_check_active.svg",".svg","vector","24","48","0.28"
"E:\FFmpeg_whisper\ffmpeg_music_player\design_exports\netease_ui_pack_20260309\icon\ui\base\base_icon_check_active@2x.png",".png","raster","48","48","0.24"
"E:\FFmpeg_whisper\ffmpeg_music_player\design_exports\netease_ui_pack_20260309\icon\ui\base\base_icon_check_default.svg",".svg","vector","24","48","0.28"
"E:\FFmpeg_whisper\ffmpeg_music_player\design_exports\netease_ui_pack_20260309\icon\ui\base\base_icon_check_default@2x.png",".png","raster","48","48","0.25"
"E:\FFmpeg_whisper\ffmpeg_music_player\design_exports\netease_ui_pack_20260309\icon\ui\base\base_icon_check_disabled.svg",".svg","vector","24","48","0.28"
"E:\FFmpeg_whisper\ffmpeg_music_player\design_exports\netease_ui_pack_20260309\icon\ui\base\base_icon_check_disabled@2x.png",".png","raster","48","48","0.25"
"E:\FFmpeg_whisper\ffmpeg_music_player\design_exports\netease_ui_pack_20260309\icon\ui\base\base_icon_chevron_down_default.svg",".svg","vector","24","48","0.28"
"E:\FFmpeg_whisper\ffmpeg_music_player\design_exports\netease_ui_pack_20260309\icon\ui\base\base_icon_chevron_down_default@2x.png",".png","raster","48","48","0.23"
"E:\FFmpeg_whisper\ffmpeg_music_player\design_exports\netease_ui_pack_20260309\icon\ui\base\base_icon_chevron_down_disabled.svg",".svg","vector","24","48","0.28"
"E:\FFmpeg_whisper\ffmpeg_music_player\design_exports\netease_ui_pack_20260309\icon\ui\base\base_icon_chevron_down_disabled@2x.png",".png","raster","48","48","0.22"
"E:\FFmpeg_whisper\ffmpeg_music_player\design_exports\netease_ui_pack_20260309\icon\ui\base\base_icon_chevron_down_hover.svg",".svg","vector","24","48","0.28"
"E:\FFmpeg_whisper\ffmpeg_music_player\design_exports\netease_ui_pack_20260309\icon\ui\base\base_icon_chevron_down_hover@2x.png",".png","raster","48","48","0.22"
"E:\FFmpeg_whisper\ffmpeg_music_player\design_exports\netease_ui_pack_20260309\icon\ui\base\base_icon_close_default.svg",".svg","vector","24","48","0.4"
"E:\FFmpeg_whisper\ffmpeg_music_player\design_exports\netease_ui_pack_20260309\icon\ui\base\base_icon_close_default@2x.png",".png","raster","48","48","0.28"
"E:\FFmpeg_whisper\ffmpeg_music_player\design_exports\netease_ui_pack_20260309\icon\ui\base\base_icon_close_disabled.svg",".svg","vector","24","48","0.4"
"E:\FFmpeg_whisper\ffmpeg_music_player\design_exports\netease_ui_pack_20260309\icon\ui\base\base_icon_close_disabled@2x.png",".png","raster","48","48","0.28"
"E:\FFmpeg_whisper\ffmpeg_music_player\design_exports\netease_ui_pack_20260309\icon\ui\base\base_icon_close_hover.svg",".svg","vector","24","48","0.4"
"E:\FFmpeg_whisper\ffmpeg_music_player\design_exports\netease_ui_pack_20260309\icon\ui\base\base_icon_close_hover@2x.png",".png","raster","48","48","0.28"
"E:\FFmpeg_whisper\ffmpeg_music_player\design_exports\netease_ui_pack_20260309\icon\ui\base\base_icon_close_pressed.svg",".svg","vector","24","48","0.4"
"E:\FFmpeg_whisper\ffmpeg_music_player\design_exports\netease_ui_pack_20260309\icon\ui\base\base_icon_close_pressed@2x.png",".png","raster","48","48","0.28"
"E:\FFmpeg_whisper\ffmpeg_music_player\design_exports\netease_ui_pack_20260309\icon\ui\base\base_icon_cloud_default.svg",".svg","vector","24","48","1.29"
"E:\FFmpeg_whisper\ffmpeg_music_player\design_exports\netease_ui_pack_20260309\icon\ui\base\base_icon_cloud_default@2x.png",".png","raster","48","48","0.25"
"E:\FFmpeg_whisper\ffmpeg_music_player\design_exports\netease_ui_pack_20260309\icon\ui\base\base_icon_cloud_disabled.svg",".svg","vector","24","48","1.29"
"E:\FFmpeg_whisper\ffmpeg_music_player\design_exports\netease_ui_pack_20260309\icon\ui\base\base_icon_cloud_disabled@2x.png",".png","raster","48","48","0.24"
"E:\FFmpeg_whisper\ffmpeg_music_player\design_exports\netease_ui_pack_20260309\icon\ui\base\base_icon_cloud_hover.svg",".svg","vector","24","48","1.29"
"E:\FFmpeg_whisper\ffmpeg_music_player\design_exports\netease_ui_pack_20260309\icon\ui\base\base_icon_cloud_hover@2x.png",".png","raster","48","48","0.24"
"E:\FFmpeg_whisper\ffmpeg_music_player\design_exports\netease_ui_pack_20260309\icon\ui\base\base_icon_device_default.svg",".svg","vector","24","48","0.52"
"E:\FFmpeg_whisper\ffmpeg_music_player\design_exports\netease_ui_pack_20260309\icon\ui\base\base_icon_device_default@2x.png",".png","raster","48","48","0.22"
"E:\FFmpeg_whisper\ffmpeg_music_player\design_exports\netease_ui_pack_20260309\icon\ui\base\base_icon_device_disabled.svg",".svg","vector","24","48","0.52"
"E:\FFmpeg_whisper\ffmpeg_music_player\design_exports\netease_ui_pack_20260309\icon\ui\base\base_icon_device_disabled@2x.png",".png","raster","48","48","0.21"
"E:\FFmpeg_whisper\ffmpeg_music_player\design_exports\netease_ui_pack_20260309\icon\ui\base\base_icon_device_hover.svg",".svg","vector","24","48","0.52"
"E:\FFmpeg_whisper\ffmpeg_music_player\design_exports\netease_ui_pack_20260309\icon\ui\base\base_icon_device_hover@2x.png",".png","raster","48","48","0.21"
"E:\FFmpeg_whisper\ffmpeg_music_player\design_exports\netease_ui_pack_20260309\icon\ui\base\base_icon_filter_default.svg",".svg","vector","24","48","0.78"
"E:\FFmpeg_whisper\ffmpeg_music_player\design_exports\netease_ui_pack_20260309\icon\ui\base\base_icon_filter_default@2x.png",".png","raster","48","48","0.2"
"E:\FFmpeg_whisper\ffmpeg_music_player\design_exports\netease_ui_pack_20260309\icon\ui\base\base_icon_filter_disabled.svg",".svg","vector","24","48","0.78"
"E:\FFmpeg_whisper\ffmpeg_music_player\design_exports\netease_ui_pack_20260309\icon\ui\base\base_icon_filter_disabled@2x.png",".png","raster","48","48","0.2"
"E:\FFmpeg_whisper\ffmpeg_music_player\design_exports\netease_ui_pack_20260309\icon\ui\base\base_icon_filter_hover.svg",".svg","vector","24","48","0.78"
"E:\FFmpeg_whisper\ffmpeg_music_player\design_exports\netease_ui_pack_20260309\icon\ui\base\base_icon_filter_hover@2x.png",".png","raster","48","48","0.2"
"E:\FFmpeg_whisper\ffmpeg_music_player\design_exports\netease_ui_pack_20260309\icon\ui\base\base_icon_folder_default.svg",".svg","vector","24","48","0.45"
"E:\FFmpeg_whisper\ffmpeg_music_player\design_exports\netease_ui_pack_20260309\icon\ui\base\base_icon_folder_default@2x.png",".png","raster","48","48","0.21"
"E:\FFmpeg_whisper\ffmpeg_music_player\design_exports\netease_ui_pack_20260309\icon\ui\base\base_icon_folder_disabled.svg",".svg","vector","24","48","0.45"
"E:\FFmpeg_whisper\ffmpeg_music_player\design_exports\netease_ui_pack_20260309\icon\ui\base\base_icon_folder_disabled@2x.png",".png","raster","48","48","0.21"
"E:\FFmpeg_whisper\ffmpeg_music_player\design_exports\netease_ui_pack_20260309\icon\ui\base\base_icon_folder_hover.svg",".svg","vector","24","48","0.45"
"E:\FFmpeg_whisper\ffmpeg_music_player\design_exports\netease_ui_pack_20260309\icon\ui\base\base_icon_folder_hover@2x.png",".png","raster","48","48","0.21"
"E:\FFmpeg_whisper\ffmpeg_music_player\design_exports\netease_ui_pack_20260309\icon\ui\base\base_icon_history_default.svg",".svg","vector","24","48","1.4"
"E:\FFmpeg_whisper\ffmpeg_music_player\design_exports\netease_ui_pack_20260309\icon\ui\base\base_icon_history_default@2x.png",".png","raster","48","48","0.34"
"E:\FFmpeg_whisper\ffmpeg_music_player\design_exports\netease_ui_pack_20260309\icon\ui\base\base_icon_history_disabled.svg",".svg","vector","24","48","1.4"
"E:\FFmpeg_whisper\ffmpeg_music_player\design_exports\netease_ui_pack_20260309\icon\ui\base\base_icon_history_disabled@2x.png",".png","raster","48","48","0.34"
"E:\FFmpeg_whisper\ffmpeg_music_player\design_exports\netease_ui_pack_20260309\icon\ui\base\base_icon_history_hover.svg",".svg","vector","24","48","1.4"
"E:\FFmpeg_whisper\ffmpeg_music_player\design_exports\netease_ui_pack_20260309\icon\ui\base\base_icon_history_hover@2x.png",".png","raster","48","48","0.34"
"E:\FFmpeg_whisper\ffmpeg_music_player\design_exports\netease_ui_pack_20260309\icon\ui\base\base_icon_lock_default.svg",".svg","vector","24","48","0.4"
"E:\FFmpeg_whisper\ffmpeg_music_player\design_exports\netease_ui_pack_20260309\icon\ui\base\base_icon_lock_default@2x.png",".png","raster","48","48","0.24"
"E:\FFmpeg_whisper\ffmpeg_music_player\design_exports\netease_ui_pack_20260309\icon\ui\base\base_icon_lock_disabled.svg",".svg","vector","24","48","0.4"
"E:\FFmpeg_whisper\ffmpeg_music_player\design_exports\netease_ui_pack_20260309\icon\ui\base\base_icon_lock_disabled@2x.png",".png","raster","48","48","0.24"
"E:\FFmpeg_whisper\ffmpeg_music_player\design_exports\netease_ui_pack_20260309\icon\ui\base\base_icon_lock_hover.svg",".svg","vector","24","48","0.4"
"E:\FFmpeg_whisper\ffmpeg_music_player\design_exports\netease_ui_pack_20260309\icon\ui\base\base_icon_lock_hover@2x.png",".png","raster","48","48","0.24"
"E:\FFmpeg_whisper\ffmpeg_music_player\design_exports\netease_ui_pack_20260309\icon\ui\base\base_icon_login_default.svg",".svg","vector","24","48","0.53"
"E:\FFmpeg_whisper\ffmpeg_music_player\design_exports\netease_ui_pack_20260309\icon\ui\base\base_icon_login_default@2x.png",".png","raster","48","48","0.26"
"E:\FFmpeg_whisper\ffmpeg_music_player\design_exports\netease_ui_pack_20260309\icon\ui\base\base_icon_login_disabled.svg",".svg","vector","24","48","0.53"
"E:\FFmpeg_whisper\ffmpeg_music_player\design_exports\netease_ui_pack_20260309\icon\ui\base\base_icon_login_disabled@2x.png",".png","raster","48","48","0.26"
"E:\FFmpeg_whisper\ffmpeg_music_player\design_exports\netease_ui_pack_20260309\icon\ui\base\base_icon_login_hover.svg",".svg","vector","24","48","0.53"
"E:\FFmpeg_whisper\ffmpeg_music_player\design_exports\netease_ui_pack_20260309\icon\ui\base\base_icon_login_hover@2x.png",".png","raster","48","48","0.25"
"E:\FFmpeg_whisper\ffmpeg_music_player\design_exports\netease_ui_pack_20260309\icon\ui\base\base_icon_logout_default.svg",".svg","vector","24","48","0.53"
"E:\FFmpeg_whisper\ffmpeg_music_player\design_exports\netease_ui_pack_20260309\icon\ui\base\base_icon_logout_default@2x.png",".png","raster","48","48","0.25"
"E:\FFmpeg_whisper\ffmpeg_music_player\design_exports\netease_ui_pack_20260309\icon\ui\base\base_icon_logout_disabled.svg",".svg","vector","24","48","0.53"
"E:\FFmpeg_whisper\ffmpeg_music_player\design_exports\netease_ui_pack_20260309\icon\ui\base\base_icon_logout_disabled@2x.png",".png","raster","48","48","0.25"
"E:\FFmpeg_whisper\ffmpeg_music_player\design_exports\netease_ui_pack_20260309\icon\ui\base\base_icon_logout_hover.svg",".svg","vector","24","48","0.53"
"E:\FFmpeg_whisper\ffmpeg_music_player\design_exports\netease_ui_pack_20260309\icon\ui\base\base_icon_logout_hover@2x.png",".png","raster","48","48","0.25"
"E:\FFmpeg_whisper\ffmpeg_music_player\design_exports\netease_ui_pack_20260309\icon\ui\base\base_icon_plugin_default.svg",".svg","vector","24","48","0.67"
"E:\FFmpeg_whisper\ffmpeg_music_player\design_exports\netease_ui_pack_20260309\icon\ui\base\base_icon_plugin_default@2x.png",".png","raster","48","48","0.26"
"E:\FFmpeg_whisper\ffmpeg_music_player\design_exports\netease_ui_pack_20260309\icon\ui\base\base_icon_plugin_disabled.svg",".svg","vector","24","48","0.67"
"E:\FFmpeg_whisper\ffmpeg_music_player\design_exports\netease_ui_pack_20260309\icon\ui\base\base_icon_plugin_disabled@2x.png",".png","raster","48","48","0.26"
"E:\FFmpeg_whisper\ffmpeg_music_player\design_exports\netease_ui_pack_20260309\icon\ui\base\base_icon_plugin_hover.svg",".svg","vector","24","48","0.67"
"E:\FFmpeg_whisper\ffmpeg_music_player\design_exports\netease_ui_pack_20260309\icon\ui\base\base_icon_plugin_hover@2x.png",".png","raster","48","48","0.26"
"E:\FFmpeg_whisper\ffmpeg_music_player\design_exports\netease_ui_pack_20260309\icon\ui\base\base_icon_plus_default.svg",".svg","vector","24","48","0.4"
"E:\FFmpeg_whisper\ffmpeg_music_player\design_exports\netease_ui_pack_20260309\icon\ui\base\base_icon_plus_default@2x.png",".png","raster","48","48","0.21"
"E:\FFmpeg_whisper\ffmpeg_music_player\design_exports\netease_ui_pack_20260309\icon\ui\base\base_icon_plus_disabled.svg",".svg","vector","24","48","0.4"
"E:\FFmpeg_whisper\ffmpeg_music_player\design_exports\netease_ui_pack_20260309\icon\ui\base\base_icon_plus_disabled@2x.png",".png","raster","48","48","0.21"
"E:\FFmpeg_whisper\ffmpeg_music_player\design_exports\netease_ui_pack_20260309\icon\ui\base\base_icon_plus_hover.svg",".svg","vector","24","48","0.4"
"E:\FFmpeg_whisper\ffmpeg_music_player\design_exports\netease_ui_pack_20260309\icon\ui\base\base_icon_plus_hover@2x.png",".png","raster","48","48","0.2"
"E:\FFmpeg_whisper\ffmpeg_music_player\design_exports\netease_ui_pack_20260309\icon\ui\base\base_icon_plus_pressed.svg",".svg","vector","24","48","0.4"
"E:\FFmpeg_whisper\ffmpeg_music_player\design_exports\netease_ui_pack_20260309\icon\ui\base\base_icon_plus_pressed@2x.png",".png","raster","48","48","0.21"
"E:\FFmpeg_whisper\ffmpeg_music_player\design_exports\netease_ui_pack_20260309\icon\ui\base\base_icon_search_default.svg",".svg","vector","24","48","0.36"
"E:\FFmpeg_whisper\ffmpeg_music_player\design_exports\netease_ui_pack_20260309\icon\ui\base\base_icon_search_default@2x.png",".png","raster","48","48","0.3"
"E:\FFmpeg_whisper\ffmpeg_music_player\design_exports\netease_ui_pack_20260309\icon\ui\base\base_icon_search_disabled.svg",".svg","vector","24","48","0.36"
"E:\FFmpeg_whisper\ffmpeg_music_player\design_exports\netease_ui_pack_20260309\icon\ui\base\base_icon_search_disabled@2x.png",".png","raster","48","48","0.3"
"E:\FFmpeg_whisper\ffmpeg_music_player\design_exports\netease_ui_pack_20260309\icon\ui\base\base_icon_search_hover.svg",".svg","vector","24","48","0.36"
"E:\FFmpeg_whisper\ffmpeg_music_player\design_exports\netease_ui_pack_20260309\icon\ui\base\base_icon_search_hover@2x.png",".png","raster","48","48","0.29"
"E:\FFmpeg_whisper\ffmpeg_music_player\design_exports\netease_ui_pack_20260309\icon\ui\base\base_icon_search_pressed.svg",".svg","vector","24","48","0.36"
"E:\FFmpeg_whisper\ffmpeg_music_player\design_exports\netease_ui_pack_20260309\icon\ui\base\base_icon_search_pressed@2x.png",".png","raster","48","48","0.29"
"E:\FFmpeg_whisper\ffmpeg_music_player\design_exports\netease_ui_pack_20260309\icon\ui\base\base_icon_server_default.svg",".svg","vector","24","48","0.54"
"E:\FFmpeg_whisper\ffmpeg_music_player\design_exports\netease_ui_pack_20260309\icon\ui\base\base_icon_server_default@2x.png",".png","raster","48","48","0.19"
"E:\FFmpeg_whisper\ffmpeg_music_player\design_exports\netease_ui_pack_20260309\icon\ui\base\base_icon_server_disabled.svg",".svg","vector","24","48","0.54"
"E:\FFmpeg_whisper\ffmpeg_music_player\design_exports\netease_ui_pack_20260309\icon\ui\base\base_icon_server_disabled@2x.png",".png","raster","48","48","0.19"
"E:\FFmpeg_whisper\ffmpeg_music_player\design_exports\netease_ui_pack_20260309\icon\ui\base\base_icon_server_hover.svg",".svg","vector","24","48","0.54"
"E:\FFmpeg_whisper\ffmpeg_music_player\design_exports\netease_ui_pack_20260309\icon\ui\base\base_icon_server_hover@2x.png",".png","raster","48","48","0.19"
"E:\FFmpeg_whisper\ffmpeg_music_player\design_exports\netease_ui_pack_20260309\icon\ui\base\base_icon_settings_default.svg",".svg","vector","24","48","1.25"
"E:\FFmpeg_whisper\ffmpeg_music_player\design_exports\netease_ui_pack_20260309\icon\ui\base\base_icon_settings_default@2x.png",".png","raster","48","48","0.34"
"E:\FFmpeg_whisper\ffmpeg_music_player\design_exports\netease_ui_pack_20260309\icon\ui\base\base_icon_settings_disabled.svg",".svg","vector","24","48","1.25"
"E:\FFmpeg_whisper\ffmpeg_music_player\design_exports\netease_ui_pack_20260309\icon\ui\base\base_icon_settings_disabled@2x.png",".png","raster","48","48","0.34"
"E:\FFmpeg_whisper\ffmpeg_music_player\design_exports\netease_ui_pack_20260309\icon\ui\base\base_icon_settings_hover.svg",".svg","vector","24","48","1.25"
"E:\FFmpeg_whisper\ffmpeg_music_player\design_exports\netease_ui_pack_20260309\icon\ui\base\base_icon_settings_hover@2x.png",".png","raster","48","48","0.34"
"E:\FFmpeg_whisper\ffmpeg_music_player\design_exports\netease_ui_pack_20260309\icon\ui\base\base_icon_sync_active.svg",".svg","vector","24","48","0.68"
"E:\FFmpeg_whisper\ffmpeg_music_player\design_exports\netease_ui_pack_20260309\icon\ui\base\base_icon_sync_active@2x.png",".png","raster","48","48","0.24"
"E:\FFmpeg_whisper\ffmpeg_music_player\design_exports\netease_ui_pack_20260309\icon\ui\base\base_icon_sync_default.svg",".svg","vector","24","48","0.68"
"E:\FFmpeg_whisper\ffmpeg_music_player\design_exports\netease_ui_pack_20260309\icon\ui\base\base_icon_sync_default@2x.png",".png","raster","48","48","0.24"
"E:\FFmpeg_whisper\ffmpeg_music_player\design_exports\netease_ui_pack_20260309\icon\ui\base\base_icon_sync_disabled.svg",".svg","vector","24","48","0.68"
"E:\FFmpeg_whisper\ffmpeg_music_player\design_exports\netease_ui_pack_20260309\icon\ui\base\base_icon_sync_disabled@2x.png",".png","raster","48","48","0.24"
"E:\FFmpeg_whisper\ffmpeg_music_player\design_exports\netease_ui_pack_20260309\icon\ui\base\base_icon_sync_hover.svg",".svg","vector","24","48","0.68"
"E:\FFmpeg_whisper\ffmpeg_music_player\design_exports\netease_ui_pack_20260309\icon\ui\base\base_icon_sync_hover@2x.png",".png","raster","48","48","0.24"
"E:\FFmpeg_whisper\ffmpeg_music_player\design_exports\netease_ui_pack_20260309\icon\ui\base\base_icon_user_default.svg",".svg","vector","24","48","0.81"
"E:\FFmpeg_whisper\ffmpeg_music_player\design_exports\netease_ui_pack_20260309\icon\ui\base\base_icon_user_default@2x.png",".png","raster","48","48","0.25"
"E:\FFmpeg_whisper\ffmpeg_music_player\design_exports\netease_ui_pack_20260309\icon\ui\base\base_icon_user_disabled.svg",".svg","vector","24","48","0.81"
"E:\FFmpeg_whisper\ffmpeg_music_player\design_exports\netease_ui_pack_20260309\icon\ui\base\base_icon_user_disabled@2x.png",".png","raster","48","48","0.25"
"E:\FFmpeg_whisper\ffmpeg_music_player\design_exports\netease_ui_pack_20260309\icon\ui\base\base_icon_user_hover.svg",".svg","vector","24","48","0.81"
"E:\FFmpeg_whisper\ffmpeg_music_player\design_exports\netease_ui_pack_20260309\icon\ui\base\base_icon_user_hover@2x.png",".png","raster","48","48","0.25"
"E:\FFmpeg_whisper\ffmpeg_music_player\design_exports\netease_ui_pack_20260309\icon\ui\base\base_icon_video_default.svg",".svg","vector","24","48","0.4"
"E:\FFmpeg_whisper\ffmpeg_music_player\design_exports\netease_ui_pack_20260309\icon\ui\base\base_icon_video_default@2x.png",".png","raster","48","48","0.23"
"E:\FFmpeg_whisper\ffmpeg_music_player\design_exports\netease_ui_pack_20260309\icon\ui\base\base_icon_video_disabled.svg",".svg","vector","24","48","0.4"
"E:\FFmpeg_whisper\ffmpeg_music_player\design_exports\netease_ui_pack_20260309\icon\ui\base\base_icon_video_disabled@2x.png",".png","raster","48","48","0.23"
"E:\FFmpeg_whisper\ffmpeg_music_player\design_exports\netease_ui_pack_20260309\icon\ui\base\base_icon_video_hover.svg",".svg","vector","24","48","0.4"
"E:\FFmpeg_whisper\ffmpeg_music_player\design_exports\netease_ui_pack_20260309\icon\ui\base\base_icon_video_hover@2x.png",".png","raster","48","48","0.23"
"E:\FFmpeg_whisper\ffmpeg_music_player\design_exports\netease_ui_pack_20260309\icon\ui\brand\brand_logo_dark.svg",".svg","vector","640","176","0.69"
"E:\FFmpeg_whisper\ffmpeg_music_player\design_exports\netease_ui_pack_20260309\icon\ui\brand\brand_logo_dark@2x.png",".png","raster","1200","600","38.26"
"E:\FFmpeg_whisper\ffmpeg_music_player\design_exports\netease_ui_pack_20260309\icon\ui\brand\brand_logo_light.svg",".svg","vector","640","176","0.69"
"E:\FFmpeg_whisper\ffmpeg_music_player\design_exports\netease_ui_pack_20260309\icon\ui\brand\brand_logo_light@2x.png",".png","raster","1200","600","65.8"
"E:\FFmpeg_whisper\ffmpeg_music_player\design_exports\netease_ui_pack_20260309\icon\ui\list\list_icon_completed_active.svg",".svg","vector","24","48","0.37"
"E:\FFmpeg_whisper\ffmpeg_music_player\design_exports\netease_ui_pack_20260309\icon\ui\list\list_icon_completed_active@2x.png",".png","raster","48","48","0.31"
"E:\FFmpeg_whisper\ffmpeg_music_player\design_exports\netease_ui_pack_20260309\icon\ui\list\list_icon_completed_default.svg",".svg","vector","24","48","0.37"
"E:\FFmpeg_whisper\ffmpeg_music_player\design_exports\netease_ui_pack_20260309\icon\ui\list\list_icon_completed_default@2x.png",".png","raster","48","48","0.32"
"E:\FFmpeg_whisper\ffmpeg_music_player\design_exports\netease_ui_pack_20260309\icon\ui\list\list_icon_delete_default.svg",".svg","vector","24","48","1.05"
"E:\FFmpeg_whisper\ffmpeg_music_player\design_exports\netease_ui_pack_20260309\icon\ui\list\list_icon_delete_default@2x.png",".png","raster","48","48","0.22"
"E:\FFmpeg_whisper\ffmpeg_music_player\design_exports\netease_ui_pack_20260309\icon\ui\list\list_icon_delete_disabled.svg",".svg","vector","24","48","1.05"
"E:\FFmpeg_whisper\ffmpeg_music_player\design_exports\netease_ui_pack_20260309\icon\ui\list\list_icon_delete_disabled@2x.png",".png","raster","48","48","0.22"
"E:\FFmpeg_whisper\ffmpeg_music_player\design_exports\netease_ui_pack_20260309\icon\ui\list\list_icon_delete_hover.svg",".svg","vector","24","48","1.05"
"E:\FFmpeg_whisper\ffmpeg_music_player\design_exports\netease_ui_pack_20260309\icon\ui\list\list_icon_delete_hover@2x.png",".png","raster","48","48","0.21"
"E:\FFmpeg_whisper\ffmpeg_music_player\design_exports\netease_ui_pack_20260309\icon\ui\list\list_icon_download_active.svg",".svg","vector","24","48","0.55"
"E:\FFmpeg_whisper\ffmpeg_music_player\design_exports\netease_ui_pack_20260309\icon\ui\list\list_icon_download_active@2x.png",".png","raster","48","48","0.23"
"E:\FFmpeg_whisper\ffmpeg_music_player\design_exports\netease_ui_pack_20260309\icon\ui\list\list_icon_download_default.svg",".svg","vector","24","48","0.55"
"E:\FFmpeg_whisper\ffmpeg_music_player\design_exports\netease_ui_pack_20260309\icon\ui\list\list_icon_download_default@2x.png",".png","raster","48","48","0.24"
"E:\FFmpeg_whisper\ffmpeg_music_player\design_exports\netease_ui_pack_20260309\icon\ui\list\list_icon_download_disabled.svg",".svg","vector","24","48","0.55"
"E:\FFmpeg_whisper\ffmpeg_music_player\design_exports\netease_ui_pack_20260309\icon\ui\list\list_icon_download_disabled@2x.png",".png","raster","48","48","0.23"
"E:\FFmpeg_whisper\ffmpeg_music_player\design_exports\netease_ui_pack_20260309\icon\ui\list\list_icon_download_hover.svg",".svg","vector","24","48","0.55"
"E:\FFmpeg_whisper\ffmpeg_music_player\design_exports\netease_ui_pack_20260309\icon\ui\list\list_icon_download_hover@2x.png",".png","raster","48","48","0.23"
"E:\FFmpeg_whisper\ffmpeg_music_player\design_exports\netease_ui_pack_20260309\icon\ui\list\list_icon_favorite_active.svg",".svg","vector","24","48","0.35"
"E:\FFmpeg_whisper\ffmpeg_music_player\design_exports\netease_ui_pack_20260309\icon\ui\list\list_icon_favorite_active@2x.png",".png","raster","48","48","0.27"
"E:\FFmpeg_whisper\ffmpeg_music_player\design_exports\netease_ui_pack_20260309\icon\ui\list\list_icon_favorite_default.svg",".svg","vector","24","48","0.35"
"E:\FFmpeg_whisper\ffmpeg_music_player\design_exports\netease_ui_pack_20260309\icon\ui\list\list_icon_favorite_default@2x.png",".png","raster","48","48","0.34"
"E:\FFmpeg_whisper\ffmpeg_music_player\design_exports\netease_ui_pack_20260309\icon\ui\list\list_icon_favorite_disabled.svg",".svg","vector","24","48","0.35"
"E:\FFmpeg_whisper\ffmpeg_music_player\design_exports\netease_ui_pack_20260309\icon\ui\list\list_icon_favorite_disabled@2x.png",".png","raster","48","48","0.34"
"E:\FFmpeg_whisper\ffmpeg_music_player\design_exports\netease_ui_pack_20260309\icon\ui\list\list_icon_favorite_hover.svg",".svg","vector","24","48","0.35"
"E:\FFmpeg_whisper\ffmpeg_music_player\design_exports\netease_ui_pack_20260309\icon\ui\list\list_icon_favorite_hover@2x.png",".png","raster","48","48","0.33"
"E:\FFmpeg_whisper\ffmpeg_music_player\design_exports\netease_ui_pack_20260309\icon\ui\list\list_icon_loading_active.svg",".svg","vector","24","48","0.41"
"E:\FFmpeg_whisper\ffmpeg_music_player\design_exports\netease_ui_pack_20260309\icon\ui\list\list_icon_loading_active@2x.png",".png","raster","48","48","0.28"
"E:\FFmpeg_whisper\ffmpeg_music_player\design_exports\netease_ui_pack_20260309\icon\ui\list\list_icon_loading_default.svg",".svg","vector","24","48","0.41"
"E:\FFmpeg_whisper\ffmpeg_music_player\design_exports\netease_ui_pack_20260309\icon\ui\list\list_icon_loading_default@2x.png",".png","raster","48","48","0.29"
"E:\FFmpeg_whisper\ffmpeg_music_player\design_exports\netease_ui_pack_20260309\icon\ui\list\list_icon_more_default.svg",".svg","vector","24","48","0.4"
"E:\FFmpeg_whisper\ffmpeg_music_player\design_exports\netease_ui_pack_20260309\icon\ui\list\list_icon_more_default@2x.png",".png","raster","48","48","0.16"
"E:\FFmpeg_whisper\ffmpeg_music_player\design_exports\netease_ui_pack_20260309\icon\ui\list\list_icon_more_disabled.svg",".svg","vector","24","48","0.4"
"E:\FFmpeg_whisper\ffmpeg_music_player\design_exports\netease_ui_pack_20260309\icon\ui\list\list_icon_more_disabled@2x.png",".png","raster","48","48","0.16"
"E:\FFmpeg_whisper\ffmpeg_music_player\design_exports\netease_ui_pack_20260309\icon\ui\list\list_icon_more_hover.svg",".svg","vector","24","48","0.4"
"E:\FFmpeg_whisper\ffmpeg_music_player\design_exports\netease_ui_pack_20260309\icon\ui\list\list_icon_more_hover@2x.png",".png","raster","48","48","0.16"
"E:\FFmpeg_whisper\ffmpeg_music_player\design_exports\netease_ui_pack_20260309\icon\ui\list\list_icon_search_default.svg",".svg","vector","24","48","0.36"
"E:\FFmpeg_whisper\ffmpeg_music_player\design_exports\netease_ui_pack_20260309\icon\ui\list\list_icon_search_default@2x.png",".png","raster","48","48","0.3"
"E:\FFmpeg_whisper\ffmpeg_music_player\design_exports\netease_ui_pack_20260309\icon\ui\list\list_icon_search_disabled.svg",".svg","vector","24","48","0.36"
"E:\FFmpeg_whisper\ffmpeg_music_player\design_exports\netease_ui_pack_20260309\icon\ui\list\list_icon_search_disabled@2x.png",".png","raster","48","48","0.3"
"E:\FFmpeg_whisper\ffmpeg_music_player\design_exports\netease_ui_pack_20260309\icon\ui\list\list_icon_warning_active.svg",".svg","vector","24","48","0.5"
"E:\FFmpeg_whisper\ffmpeg_music_player\design_exports\netease_ui_pack_20260309\icon\ui\list\list_icon_warning_active@2x.png",".png","raster","48","48","0.26"
"E:\FFmpeg_whisper\ffmpeg_music_player\design_exports\netease_ui_pack_20260309\icon\ui\list\list_icon_warning_default.svg",".svg","vector","24","48","0.5"
"E:\FFmpeg_whisper\ffmpeg_music_player\design_exports\netease_ui_pack_20260309\icon\ui\list\list_icon_warning_default@2x.png",".png","raster","48","48","0.27"
"E:\FFmpeg_whisper\ffmpeg_music_player\design_exports\netease_ui_pack_20260309\icon\ui\player\player_btn_desktop_lyrics_active.svg",".svg","vector","24","48","1.03"
"E:\FFmpeg_whisper\ffmpeg_music_player\design_exports\netease_ui_pack_20260309\icon\ui\player\player_btn_desktop_lyrics_active@2x.png",".png","raster","48","48","0.29"
"E:\FFmpeg_whisper\ffmpeg_music_player\design_exports\netease_ui_pack_20260309\icon\ui\player\player_btn_desktop_lyrics_default.svg",".svg","vector","24","48","1.03"
"E:\FFmpeg_whisper\ffmpeg_music_player\design_exports\netease_ui_pack_20260309\icon\ui\player\player_btn_desktop_lyrics_default@2x.png",".png","raster","48","48","0.3"
"E:\FFmpeg_whisper\ffmpeg_music_player\design_exports\netease_ui_pack_20260309\icon\ui\player\player_btn_desktop_lyrics_disabled.svg",".svg","vector","24","48","1.03"
"E:\FFmpeg_whisper\ffmpeg_music_player\design_exports\netease_ui_pack_20260309\icon\ui\player\player_btn_desktop_lyrics_disabled@2x.png",".png","raster","48","48","0.29"
"E:\FFmpeg_whisper\ffmpeg_music_player\design_exports\netease_ui_pack_20260309\icon\ui\player\player_btn_desktop_lyrics_hover.svg",".svg","vector","24","48","1.03"
"E:\FFmpeg_whisper\ffmpeg_music_player\design_exports\netease_ui_pack_20260309\icon\ui\player\player_btn_desktop_lyrics_hover@2x.png",".png","raster","48","48","0.29"
"E:\FFmpeg_whisper\ffmpeg_music_player\design_exports\netease_ui_pack_20260309\icon\ui\player\player_btn_lyrics_active.svg",".svg","vector","24","48","0.99"
"E:\FFmpeg_whisper\ffmpeg_music_player\design_exports\netease_ui_pack_20260309\icon\ui\player\player_btn_lyrics_active@2x.png",".png","raster","48","48","0.28"
"E:\FFmpeg_whisper\ffmpeg_music_player\design_exports\netease_ui_pack_20260309\icon\ui\player\player_btn_lyrics_default.svg",".svg","vector","24","48","0.99"
"E:\FFmpeg_whisper\ffmpeg_music_player\design_exports\netease_ui_pack_20260309\icon\ui\player\player_btn_lyrics_default@2x.png",".png","raster","48","48","0.28"
"E:\FFmpeg_whisper\ffmpeg_music_player\design_exports\netease_ui_pack_20260309\icon\ui\player\player_btn_lyrics_disabled.svg",".svg","vector","24","48","0.99"
"E:\FFmpeg_whisper\ffmpeg_music_player\design_exports\netease_ui_pack_20260309\icon\ui\player\player_btn_lyrics_disabled@2x.png",".png","raster","48","48","0.28"
"E:\FFmpeg_whisper\ffmpeg_music_player\design_exports\netease_ui_pack_20260309\icon\ui\player\player_btn_lyrics_hover.svg",".svg","vector","24","48","0.99"
"E:\FFmpeg_whisper\ffmpeg_music_player\design_exports\netease_ui_pack_20260309\icon\ui\player\player_btn_lyrics_hover@2x.png",".png","raster","48","48","0.28"
"E:\FFmpeg_whisper\ffmpeg_music_player\design_exports\netease_ui_pack_20260309\icon\ui\player\player_btn_mute_active.svg",".svg","vector","24","48","0.56"
"E:\FFmpeg_whisper\ffmpeg_music_player\design_exports\netease_ui_pack_20260309\icon\ui\player\player_btn_mute_active@2x.png",".png","raster","48","48","0.27"
"E:\FFmpeg_whisper\ffmpeg_music_player\design_exports\netease_ui_pack_20260309\icon\ui\player\player_btn_mute_default.svg",".svg","vector","24","48","0.56"
"E:\FFmpeg_whisper\ffmpeg_music_player\design_exports\netease_ui_pack_20260309\icon\ui\player\player_btn_mute_default@2x.png",".png","raster","48","48","0.28"
"E:\FFmpeg_whisper\ffmpeg_music_player\design_exports\netease_ui_pack_20260309\icon\ui\player\player_btn_mute_disabled.svg",".svg","vector","24","48","0.56"
"E:\FFmpeg_whisper\ffmpeg_music_player\design_exports\netease_ui_pack_20260309\icon\ui\player\player_btn_mute_disabled@2x.png",".png","raster","48","48","0.28"
"E:\FFmpeg_whisper\ffmpeg_music_player\design_exports\netease_ui_pack_20260309\icon\ui\player\player_btn_next_default.svg",".svg","vector","24","48","0.41"
"E:\FFmpeg_whisper\ffmpeg_music_player\design_exports\netease_ui_pack_20260309\icon\ui\player\player_btn_next_default@2x.png",".png","raster","48","48","0.26"
"E:\FFmpeg_whisper\ffmpeg_music_player\design_exports\netease_ui_pack_20260309\icon\ui\player\player_btn_next_disabled.svg",".svg","vector","24","48","0.41"
"E:\FFmpeg_whisper\ffmpeg_music_player\design_exports\netease_ui_pack_20260309\icon\ui\player\player_btn_next_disabled@2x.png",".png","raster","48","48","0.26"
"E:\FFmpeg_whisper\ffmpeg_music_player\design_exports\netease_ui_pack_20260309\icon\ui\player\player_btn_next_hover.svg",".svg","vector","24","48","0.41"
"E:\FFmpeg_whisper\ffmpeg_music_player\design_exports\netease_ui_pack_20260309\icon\ui\player\player_btn_next_hover@2x.png",".png","raster","48","48","0.25"
"E:\FFmpeg_whisper\ffmpeg_music_player\design_exports\netease_ui_pack_20260309\icon\ui\player\player_btn_next_pressed.svg",".svg","vector","24","48","0.41"
"E:\FFmpeg_whisper\ffmpeg_music_player\design_exports\netease_ui_pack_20260309\icon\ui\player\player_btn_next_pressed@2x.png",".png","raster","48","48","0.26"
"E:\FFmpeg_whisper\ffmpeg_music_player\design_exports\netease_ui_pack_20260309\icon\ui\player\player_btn_pause_default.svg",".svg","vector","24","48","0.36"
"E:\FFmpeg_whisper\ffmpeg_music_player\design_exports\netease_ui_pack_20260309\icon\ui\player\player_btn_pause_default@2x.png",".png","raster","48","48","0.18"
"E:\FFmpeg_whisper\ffmpeg_music_player\design_exports\netease_ui_pack_20260309\icon\ui\player\player_btn_pause_disabled.svg",".svg","vector","24","48","0.36"
"E:\FFmpeg_whisper\ffmpeg_music_player\design_exports\netease_ui_pack_20260309\icon\ui\player\player_btn_pause_disabled@2x.png",".png","raster","48","48","0.18"
"E:\FFmpeg_whisper\ffmpeg_music_player\design_exports\netease_ui_pack_20260309\icon\ui\player\player_btn_pause_hover.svg",".svg","vector","24","48","0.36"
"E:\FFmpeg_whisper\ffmpeg_music_player\design_exports\netease_ui_pack_20260309\icon\ui\player\player_btn_pause_hover@2x.png",".png","raster","48","48","0.18"
"E:\FFmpeg_whisper\ffmpeg_music_player\design_exports\netease_ui_pack_20260309\icon\ui\player\player_btn_pause_pressed.svg",".svg","vector","24","48","0.36"
"E:\FFmpeg_whisper\ffmpeg_music_player\design_exports\netease_ui_pack_20260309\icon\ui\player\player_btn_pause_pressed@2x.png",".png","raster","48","48","0.18"
"E:\FFmpeg_whisper\ffmpeg_music_player\design_exports\netease_ui_pack_20260309\icon\ui\player\player_btn_playlist_active.svg",".svg","vector","24","48","0.67"
"E:\FFmpeg_whisper\ffmpeg_music_player\design_exports\netease_ui_pack_20260309\icon\ui\player\player_btn_playlist_active@2x.png",".png","raster","48","48","0.23"
"E:\FFmpeg_whisper\ffmpeg_music_player\design_exports\netease_ui_pack_20260309\icon\ui\player\player_btn_playlist_default.svg",".svg","vector","24","48","0.67"
"E:\FFmpeg_whisper\ffmpeg_music_player\design_exports\netease_ui_pack_20260309\icon\ui\player\player_btn_playlist_default@2x.png",".png","raster","48","48","0.24"
"E:\FFmpeg_whisper\ffmpeg_music_player\design_exports\netease_ui_pack_20260309\icon\ui\player\player_btn_playlist_disabled.svg",".svg","vector","24","48","0.67"
"E:\FFmpeg_whisper\ffmpeg_music_player\design_exports\netease_ui_pack_20260309\icon\ui\player\player_btn_playlist_disabled@2x.png",".png","raster","48","48","0.23"
"E:\FFmpeg_whisper\ffmpeg_music_player\design_exports\netease_ui_pack_20260309\icon\ui\player\player_btn_playlist_hover.svg",".svg","vector","24","48","0.67"
"E:\FFmpeg_whisper\ffmpeg_music_player\design_exports\netease_ui_pack_20260309\icon\ui\player\player_btn_playlist_hover@2x.png",".png","raster","48","48","0.23"
"E:\FFmpeg_whisper\ffmpeg_music_player\design_exports\netease_ui_pack_20260309\icon\ui\player\player_btn_play_default.svg",".svg","vector","24","48","0.27"
"E:\FFmpeg_whisper\ffmpeg_music_player\design_exports\netease_ui_pack_20260309\icon\ui\player\player_btn_play_default@2x.png",".png","raster","48","48","0.22"
"E:\FFmpeg_whisper\ffmpeg_music_player\design_exports\netease_ui_pack_20260309\icon\ui\player\player_btn_play_disabled.svg",".svg","vector","24","48","0.27"
"E:\FFmpeg_whisper\ffmpeg_music_player\design_exports\netease_ui_pack_20260309\icon\ui\player\player_btn_play_disabled@2x.png",".png","raster","48","48","0.22"
"E:\FFmpeg_whisper\ffmpeg_music_player\design_exports\netease_ui_pack_20260309\icon\ui\player\player_btn_play_hover.svg",".svg","vector","24","48","0.27"
"E:\FFmpeg_whisper\ffmpeg_music_player\design_exports\netease_ui_pack_20260309\icon\ui\player\player_btn_play_hover@2x.png",".png","raster","48","48","0.21"
"E:\FFmpeg_whisper\ffmpeg_music_player\design_exports\netease_ui_pack_20260309\icon\ui\player\player_btn_play_pressed.svg",".svg","vector","24","48","0.27"
"E:\FFmpeg_whisper\ffmpeg_music_player\design_exports\netease_ui_pack_20260309\icon\ui\player\player_btn_play_pressed@2x.png",".png","raster","48","48","0.22"
"E:\FFmpeg_whisper\ffmpeg_music_player\design_exports\netease_ui_pack_20260309\icon\ui\player\player_btn_previous_default.svg",".svg","vector","24","48","0.41"
"E:\FFmpeg_whisper\ffmpeg_music_player\design_exports\netease_ui_pack_20260309\icon\ui\player\player_btn_previous_default@2x.png",".png","raster","48","48","0.26"
"E:\FFmpeg_whisper\ffmpeg_music_player\design_exports\netease_ui_pack_20260309\icon\ui\player\player_btn_previous_disabled.svg",".svg","vector","24","48","0.41"
"E:\FFmpeg_whisper\ffmpeg_music_player\design_exports\netease_ui_pack_20260309\icon\ui\player\player_btn_previous_disabled@2x.png",".png","raster","48","48","0.26"
"E:\FFmpeg_whisper\ffmpeg_music_player\design_exports\netease_ui_pack_20260309\icon\ui\player\player_btn_previous_hover.svg",".svg","vector","24","48","0.41"
"E:\FFmpeg_whisper\ffmpeg_music_player\design_exports\netease_ui_pack_20260309\icon\ui\player\player_btn_previous_hover@2x.png",".png","raster","48","48","0.26"
"E:\FFmpeg_whisper\ffmpeg_music_player\design_exports\netease_ui_pack_20260309\icon\ui\player\player_btn_previous_pressed.svg",".svg","vector","24","48","0.41"
"E:\FFmpeg_whisper\ffmpeg_music_player\design_exports\netease_ui_pack_20260309\icon\ui\player\player_btn_previous_pressed@2x.png",".png","raster","48","48","0.26"
"E:\FFmpeg_whisper\ffmpeg_music_player\design_exports\netease_ui_pack_20260309\icon\ui\player\player_btn_stop_default.svg",".svg","vector","24","48","0.25"
"E:\FFmpeg_whisper\ffmpeg_music_player\design_exports\netease_ui_pack_20260309\icon\ui\player\player_btn_stop_default@2x.png",".png","raster","48","48","0.17"
"E:\FFmpeg_whisper\ffmpeg_music_player\design_exports\netease_ui_pack_20260309\icon\ui\player\player_btn_stop_disabled.svg",".svg","vector","24","48","0.25"
"E:\FFmpeg_whisper\ffmpeg_music_player\design_exports\netease_ui_pack_20260309\icon\ui\player\player_btn_stop_disabled@2x.png",".png","raster","48","48","0.17"
"E:\FFmpeg_whisper\ffmpeg_music_player\design_exports\netease_ui_pack_20260309\icon\ui\player\player_btn_stop_hover.svg",".svg","vector","24","48","0.25"
"E:\FFmpeg_whisper\ffmpeg_music_player\design_exports\netease_ui_pack_20260309\icon\ui\player\player_btn_stop_hover@2x.png",".png","raster","48","48","0.16"
"E:\FFmpeg_whisper\ffmpeg_music_player\design_exports\netease_ui_pack_20260309\icon\ui\player\player_btn_volume_active.svg",".svg","vector","24","48","1.2"
"E:\FFmpeg_whisper\ffmpeg_music_player\design_exports\netease_ui_pack_20260309\icon\ui\player\player_btn_volume_active@2x.png",".png","raster","48","48","0.34"
"E:\FFmpeg_whisper\ffmpeg_music_player\design_exports\netease_ui_pack_20260309\icon\ui\player\player_btn_volume_default.svg",".svg","vector","24","48","1.2"
"E:\FFmpeg_whisper\ffmpeg_music_player\design_exports\netease_ui_pack_20260309\icon\ui\player\player_btn_volume_default@2x.png",".png","raster","48","48","0.34"
"E:\FFmpeg_whisper\ffmpeg_music_player\design_exports\netease_ui_pack_20260309\icon\ui\player\player_btn_volume_disabled.svg",".svg","vector","24","48","1.2"
"E:\FFmpeg_whisper\ffmpeg_music_player\design_exports\netease_ui_pack_20260309\icon\ui\player\player_btn_volume_disabled@2x.png",".png","raster","48","48","0.34"
"E:\FFmpeg_whisper\ffmpeg_music_player\design_exports\netease_ui_pack_20260309\icon\ui\player\player_btn_volume_hover.svg",".svg","vector","24","48","1.2"
"E:\FFmpeg_whisper\ffmpeg_music_player\design_exports\netease_ui_pack_20260309\icon\ui\player\player_btn_volume_hover@2x.png",".png","raster","48","48","0.34"
"E:\FFmpeg_whisper\ffmpeg_music_player\design_exports\netease_ui_pack_20260309\icon\ui\player\player_mode_repeat_active.svg",".svg","vector","24","48","0.68"
"E:\FFmpeg_whisper\ffmpeg_music_player\design_exports\netease_ui_pack_20260309\icon\ui\player\player_mode_repeat_active@2x.png",".png","raster","48","48","0.24"
"E:\FFmpeg_whisper\ffmpeg_music_player\design_exports\netease_ui_pack_20260309\icon\ui\player\player_mode_repeat_default.svg",".svg","vector","24","48","0.68"
"E:\FFmpeg_whisper\ffmpeg_music_player\design_exports\netease_ui_pack_20260309\icon\ui\player\player_mode_repeat_default@2x.png",".png","raster","48","48","0.25"
"E:\FFmpeg_whisper\ffmpeg_music_player\design_exports\netease_ui_pack_20260309\icon\ui\player\player_mode_repeat_disabled.svg",".svg","vector","24","48","0.68"
"E:\FFmpeg_whisper\ffmpeg_music_player\design_exports\netease_ui_pack_20260309\icon\ui\player\player_mode_repeat_disabled@2x.png",".png","raster","48","48","0.25"
"E:\FFmpeg_whisper\ffmpeg_music_player\design_exports\netease_ui_pack_20260309\icon\ui\player\player_mode_repeat_hover.svg",".svg","vector","24","48","0.68"
"E:\FFmpeg_whisper\ffmpeg_music_player\design_exports\netease_ui_pack_20260309\icon\ui\player\player_mode_repeat_hover@2x.png",".png","raster","48","48","0.24"
"E:\FFmpeg_whisper\ffmpeg_music_player\design_exports\netease_ui_pack_20260309\icon\ui\player\player_mode_shuffle_active.svg",".svg","vector","24","48","1.08"
"E:\FFmpeg_whisper\ffmpeg_music_player\design_exports\netease_ui_pack_20260309\icon\ui\player\player_mode_shuffle_active@2x.png",".png","raster","48","48","0.3"
"E:\FFmpeg_whisper\ffmpeg_music_player\design_exports\netease_ui_pack_20260309\icon\ui\player\player_mode_shuffle_default.svg",".svg","vector","24","48","1.08"
"E:\FFmpeg_whisper\ffmpeg_music_player\design_exports\netease_ui_pack_20260309\icon\ui\player\player_mode_shuffle_default@2x.png",".png","raster","48","48","0.3"
"E:\FFmpeg_whisper\ffmpeg_music_player\design_exports\netease_ui_pack_20260309\icon\ui\player\player_mode_shuffle_disabled.svg",".svg","vector","24","48","1.08"
"E:\FFmpeg_whisper\ffmpeg_music_player\design_exports\netease_ui_pack_20260309\icon\ui\player\player_mode_shuffle_disabled@2x.png",".png","raster","48","48","0.3"
"E:\FFmpeg_whisper\ffmpeg_music_player\design_exports\netease_ui_pack_20260309\icon\ui\player\player_mode_shuffle_hover.svg",".svg","vector","24","48","1.08"
"E:\FFmpeg_whisper\ffmpeg_music_player\design_exports\netease_ui_pack_20260309\icon\ui\player\player_mode_shuffle_hover@2x.png",".png","raster","48","48","0.3"
"E:\FFmpeg_whisper\ffmpeg_music_player\design_exports\netease_ui_pack_20260309\icon\ui\player\player_mode_single_active.svg",".svg","vector","24","48","0.94"
"E:\FFmpeg_whisper\ffmpeg_music_player\design_exports\netease_ui_pack_20260309\icon\ui\player\player_mode_single_active@2x.png",".png","raster","48","48","0.26"
"E:\FFmpeg_whisper\ffmpeg_music_player\design_exports\netease_ui_pack_20260309\icon\ui\player\player_mode_single_default.svg",".svg","vector","24","48","0.94"
"E:\FFmpeg_whisper\ffmpeg_music_player\design_exports\netease_ui_pack_20260309\icon\ui\player\player_mode_single_default@2x.png",".png","raster","48","48","0.26"
"E:\FFmpeg_whisper\ffmpeg_music_player\design_exports\netease_ui_pack_20260309\icon\ui\player\player_mode_single_disabled.svg",".svg","vector","24","48","0.94"
"E:\FFmpeg_whisper\ffmpeg_music_player\design_exports\netease_ui_pack_20260309\icon\ui\player\player_mode_single_disabled@2x.png",".png","raster","48","48","0.26"
"E:\FFmpeg_whisper\ffmpeg_music_player\design_exports\netease_ui_pack_20260309\icon\ui\player\player_mode_single_hover.svg",".svg","vector","24","48","0.94"
"E:\FFmpeg_whisper\ffmpeg_music_player\design_exports\netease_ui_pack_20260309\icon\ui\player\player_mode_single_hover@2x.png",".png","raster","48","48","0.26"
"E:\FFmpeg_whisper\ffmpeg_music_player\design_exports\netease_ui_pack_20260309\icon\ui\state\state_bg_player_immersive@2x.png",".png","raster","1920","1080","82.8"
"E:\FFmpeg_whisper\ffmpeg_music_player\design_exports\netease_ui_pack_20260309\icon\ui\state\state_bg_welcome_dark@2x.png",".png","raster","1920","1080","110.1"
"E:\FFmpeg_whisper\ffmpeg_music_player\design_exports\netease_ui_pack_20260309\icon\ui\state\state_bg_welcome_light@2x.png",".png","raster","1920","1080","177.49"
"E:\FFmpeg_whisper\ffmpeg_music_player\design_exports\netease_ui_pack_20260309\icon\ui\state\state_empty_download@2x.png",".png","raster","1400","1200","113.9"
"E:\FFmpeg_whisper\ffmpeg_music_player\design_exports\netease_ui_pack_20260309\icon\ui\state\state_empty_library@2x.png",".png","raster","1400","1200","116.76"
"E:\FFmpeg_whisper\ffmpeg_music_player\design_exports\netease_ui_pack_20260309\icon\ui\state\state_empty_library_dark@2x.png",".png","raster","1400","1200","70.65"
"E:\FFmpeg_whisper\ffmpeg_music_player\design_exports\netease_ui_pack_20260309\icon\ui\state\state_login_error@2x.png",".png","raster","1400","1200","109.4"
"E:\FFmpeg_whisper\ffmpeg_music_player\design_exports\netease_ui_pack_20260309\icon\ui\state\state_login_error_dark@2x.png",".png","raster","1400","1200","63.67"
"E:\FFmpeg_whisper\ffmpeg_music_player\design_exports\netease_ui_pack_20260309\icon\ui\state\state_login_required@2x.png",".png","raster","1400","1200","119.69"
"E:\FFmpeg_whisper\ffmpeg_music_player\design_exports\netease_ui_pack_20260309\icon\ui\state\state_no_network@2x.png",".png","raster","1400","1200","117.04"
"E:\FFmpeg_whisper\ffmpeg_music_player\design_exports\netease_ui_pack_20260309\icon\ui\state\state_sync_conflict@2x.png",".png","raster","1400","1200","113.29"
"E:\FFmpeg_whisper\ffmpeg_music_player\design_exports\netease_ui_pack_20260309\icon\ui\state\state_sync_conflict_dark@2x.png",".png","raster","1400","1200","61.85"
"E:\FFmpeg_whisper\ffmpeg_music_player\design_exports\netease_ui_pack_20260309\icon\ui\video\video_btn_exit_fullscreen_default.svg",".svg","vector","24","48","0.71"
"E:\FFmpeg_whisper\ffmpeg_music_player\design_exports\netease_ui_pack_20260309\icon\ui\video\video_btn_exit_fullscreen_default@2x.png",".png","raster","48","48","0.26"
"E:\FFmpeg_whisper\ffmpeg_music_player\design_exports\netease_ui_pack_20260309\icon\ui\video\video_btn_exit_fullscreen_disabled.svg",".svg","vector","24","48","0.71"
"E:\FFmpeg_whisper\ffmpeg_music_player\design_exports\netease_ui_pack_20260309\icon\ui\video\video_btn_exit_fullscreen_disabled@2x.png",".png","raster","48","48","0.26"
"E:\FFmpeg_whisper\ffmpeg_music_player\design_exports\netease_ui_pack_20260309\icon\ui\video\video_btn_exit_fullscreen_hover.svg",".svg","vector","24","48","0.71"
"E:\FFmpeg_whisper\ffmpeg_music_player\design_exports\netease_ui_pack_20260309\icon\ui\video\video_btn_exit_fullscreen_hover@2x.png",".png","raster","48","48","0.25"
"E:\FFmpeg_whisper\ffmpeg_music_player\design_exports\netease_ui_pack_20260309\icon\ui\video\video_btn_fullscreen_active.svg",".svg","vector","24","48","0.71"
"E:\FFmpeg_whisper\ffmpeg_music_player\design_exports\netease_ui_pack_20260309\icon\ui\video\video_btn_fullscreen_active@2x.png",".png","raster","48","48","0.24"
"E:\FFmpeg_whisper\ffmpeg_music_player\design_exports\netease_ui_pack_20260309\icon\ui\video\video_btn_fullscreen_default.svg",".svg","vector","24","48","0.71"
"E:\FFmpeg_whisper\ffmpeg_music_player\design_exports\netease_ui_pack_20260309\icon\ui\video\video_btn_fullscreen_default@2x.png",".png","raster","48","48","0.24"
"E:\FFmpeg_whisper\ffmpeg_music_player\design_exports\netease_ui_pack_20260309\icon\ui\video\video_btn_fullscreen_disabled.svg",".svg","vector","24","48","0.71"
"E:\FFmpeg_whisper\ffmpeg_music_player\design_exports\netease_ui_pack_20260309\icon\ui\video\video_btn_fullscreen_disabled@2x.png",".png","raster","48","48","0.24"
"E:\FFmpeg_whisper\ffmpeg_music_player\design_exports\netease_ui_pack_20260309\icon\ui\video\video_btn_fullscreen_hover.svg",".svg","vector","24","48","0.71"
"E:\FFmpeg_whisper\ffmpeg_music_player\design_exports\netease_ui_pack_20260309\icon\ui\video\video_btn_fullscreen_hover@2x.png",".png","raster","48","48","0.24"
"E:\FFmpeg_whisper\ffmpeg_music_player\design_exports\netease_ui_pack_20260309\icon\ui\video\video_btn_pip_default.svg",".svg","vector","24","48","0.37"
"E:\FFmpeg_whisper\ffmpeg_music_player\design_exports\netease_ui_pack_20260309\icon\ui\video\video_btn_pip_default@2x.png",".png","raster","48","48","0.22"
"E:\FFmpeg_whisper\ffmpeg_music_player\design_exports\netease_ui_pack_20260309\icon\ui\video\video_btn_pip_disabled.svg",".svg","vector","24","48","0.37"
"E:\FFmpeg_whisper\ffmpeg_music_player\design_exports\netease_ui_pack_20260309\icon\ui\video\video_btn_pip_disabled@2x.png",".png","raster","48","48","0.22"
"E:\FFmpeg_whisper\ffmpeg_music_player\design_exports\netease_ui_pack_20260309\icon\ui\video\video_btn_pip_hover.svg",".svg","vector","24","48","0.37"
"E:\FFmpeg_whisper\ffmpeg_music_player\design_exports\netease_ui_pack_20260309\icon\ui\video\video_btn_pip_hover@2x.png",".png","raster","48","48","0.21"
"E:\FFmpeg_whisper\ffmpeg_music_player\design_exports\netease_ui_pack_20260309\icon\ui\video\video_btn_quality_active.svg",".svg","vector","24","48","0.44"
"E:\FFmpeg_whisper\ffmpeg_music_player\design_exports\netease_ui_pack_20260309\icon\ui\video\video_btn_quality_active@2x.png",".png","raster","48","48","0.37"
"E:\FFmpeg_whisper\ffmpeg_music_player\design_exports\netease_ui_pack_20260309\icon\ui\video\video_btn_quality_default.svg",".svg","vector","24","48","0.44"
"E:\FFmpeg_whisper\ffmpeg_music_player\design_exports\netease_ui_pack_20260309\icon\ui\video\video_btn_quality_default@2x.png",".png","raster","48","48","0.38"
"E:\FFmpeg_whisper\ffmpeg_music_player\design_exports\netease_ui_pack_20260309\icon\ui\video\video_btn_quality_disabled.svg",".svg","vector","24","48","0.44"
"E:\FFmpeg_whisper\ffmpeg_music_player\design_exports\netease_ui_pack_20260309\icon\ui\video\video_btn_quality_disabled@2x.png",".png","raster","48","48","0.38"
"E:\FFmpeg_whisper\ffmpeg_music_player\design_exports\netease_ui_pack_20260309\icon\ui\video\video_btn_quality_hover.svg",".svg","vector","24","48","0.44"
"E:\FFmpeg_whisper\ffmpeg_music_player\design_exports\netease_ui_pack_20260309\icon\ui\video\video_btn_quality_hover@2x.png",".png","raster","48","48","0.37"
"E:\FFmpeg_whisper\ffmpeg_music_player\design_exports\netease_ui_pack_20260309\icon\ui\video\video_btn_speed_active.svg",".svg","vector","24","48","0.5"
"E:\FFmpeg_whisper\ffmpeg_music_player\design_exports\netease_ui_pack_20260309\icon\ui\video\video_btn_speed_active@2x.png",".png","raster","48","48","0.37"
"E:\FFmpeg_whisper\ffmpeg_music_player\design_exports\netease_ui_pack_20260309\icon\ui\video\video_btn_speed_default.svg",".svg","vector","24","48","0.5"
"E:\FFmpeg_whisper\ffmpeg_music_player\design_exports\netease_ui_pack_20260309\icon\ui\video\video_btn_speed_default@2x.png",".png","raster","48","48","0.38"
"E:\FFmpeg_whisper\ffmpeg_music_player\design_exports\netease_ui_pack_20260309\icon\ui\video\video_btn_speed_disabled.svg",".svg","vector","24","48","0.5"
"E:\FFmpeg_whisper\ffmpeg_music_player\design_exports\netease_ui_pack_20260309\icon\ui\video\video_btn_speed_disabled@2x.png",".png","raster","48","48","0.38"
"E:\FFmpeg_whisper\ffmpeg_music_player\design_exports\netease_ui_pack_20260309\icon\ui\video\video_btn_speed_hover.svg",".svg","vector","24","48","0.5"
"E:\FFmpeg_whisper\ffmpeg_music_player\design_exports\netease_ui_pack_20260309\icon\ui\video\video_btn_speed_hover@2x.png",".png","raster","48","48","0.37"
"E:\FFmpeg_whisper\ffmpeg_music_player\design_exports\netease_ui_pack_20260309\icon\ui\video\video_btn_subtitle_active.svg",".svg","vector","24","48","0.62"
"E:\FFmpeg_whisper\ffmpeg_music_player\design_exports\netease_ui_pack_20260309\icon\ui\video\video_btn_subtitle_active@2x.png",".png","raster","48","48","0.38"
"E:\FFmpeg_whisper\ffmpeg_music_player\design_exports\netease_ui_pack_20260309\icon\ui\video\video_btn_subtitle_default.svg",".svg","vector","24","48","0.62"
"E:\FFmpeg_whisper\ffmpeg_music_player\design_exports\netease_ui_pack_20260309\icon\ui\video\video_btn_subtitle_default@2x.png",".png","raster","48","48","0.38"
"E:\FFmpeg_whisper\ffmpeg_music_player\design_exports\netease_ui_pack_20260309\icon\ui\video\video_btn_subtitle_disabled.svg",".svg","vector","24","48","0.62"
"E:\FFmpeg_whisper\ffmpeg_music_player\design_exports\netease_ui_pack_20260309\icon\ui\video\video_btn_subtitle_disabled@2x.png",".png","raster","48","48","0.39"
"E:\FFmpeg_whisper\ffmpeg_music_player\design_exports\netease_ui_pack_20260309\icon\ui\video\video_btn_subtitle_hover.svg",".svg","vector","24","48","0.62"
"E:\FFmpeg_whisper\ffmpeg_music_player\design_exports\netease_ui_pack_20260309\icon\ui\video\video_btn_subtitle_hover@2x.png",".png","raster","48","48","0.38"
"E:\FFmpeg_whisper\ffmpeg_music_player\design_exports\netease_ui_pack_20260309\preview\01_foundation_board@2x.png",".png","raster","2400","1600","239.53"
"E:\FFmpeg_whisper\ffmpeg_music_player\design_exports\netease_ui_pack_20260309\preview\02_base_controls_board@2x.png",".png","raster","2400","1600","241.71"
"E:\FFmpeg_whisper\ffmpeg_music_player\design_exports\netease_ui_pack_20260309\preview\03_navigation_list_board@2x.png",".png","raster","2400","1600","245.4"
"E:\FFmpeg_whisper\ffmpeg_music_player\design_exports\netease_ui_pack_20260309\preview\04_player_controls_board@2x.png",".png","raster","2400","1600","151.96"
"E:\FFmpeg_whisper\ffmpeg_music_player\design_exports\netease_ui_pack_20260309\preview\05_lyrics_video_board@2x.png",".png","raster","2400","1600","186.04"
"E:\FFmpeg_whisper\ffmpeg_music_player\design_exports\netease_ui_pack_20260309\preview\06_states_brand_board@2x.png",".png","raster","2400","1600","340.99"
"E:\FFmpeg_whisper\ffmpeg_music_player\design_exports\netease_ui_pack_20260309\preview\07_auth_welcome_board@2x.png",".png","raster","2400","1600","363.68"
"E:\FFmpeg_whisper\ffmpeg_music_player\design_exports\netease_ui_pack_20260309\preview\08_home_modules_board@2x.png",".png","raster","2400","1600","305.56"
"E:\FFmpeg_whisper\ffmpeg_music_player\design_exports\netease_ui_pack_20260309\preview\09_settings_plugin_board@2x.png",".png","raster","2400","1600","266.12"
"E:\FFmpeg_whisper\ffmpeg_music_player\design_exports\netease_ui_pack_20260309\preview\10_home_full_page@2x.png",".png","raster","2400","1600","327.12"
"E:\FFmpeg_whisper\ffmpeg_music_player\design_exports\netease_ui_pack_20260309\preview\11_library_full_page@2x.png",".png","raster","2400","1600","250.2"
"E:\FFmpeg_whisper\ffmpeg_music_player\design_exports\netease_ui_pack_20260309\preview\12_player_full_page@2x.png",".png","raster","2400","1600","222.68"
"E:\FFmpeg_whisper\ffmpeg_music_player\design_exports\netease_ui_pack_20260309\preview\13_video_full_page@2x.png",".png","raster","2400","1600","233.76"
"E:\FFmpeg_whisper\ffmpeg_music_player\design_exports\netease_ui_pack_20260309\preview\14_settings_full_page@2x.png",".png","raster","2400","1600","247.4"
"E:\FFmpeg_whisper\ffmpeg_music_player\design_exports\netease_ui_pack_20260309\preview\15_plugin_full_page@2x.png",".png","raster","2400","1600","239.69"
"E:\FFmpeg_whisper\ffmpeg_music_player\design_exports\netease_ui_pack_20260309\preview\16_user_center_full_page@2x.png",".png","raster","2400","1600","267.35"
"E:\FFmpeg_whisper\ffmpeg_music_player\design_exports\netease_ui_pack_20260309\preview\17_playlist_detail_full_page@2x.png",".png","raster","2400","1600","308.02"
"E:\FFmpeg_whisper\ffmpeg_music_player\design_exports\netease_ui_pack_20260309\preview\18_history_full_page@2x.png",".png","raster","2400","1600","282.7"
"E:\FFmpeg_whisper\ffmpeg_music_player\design_exports\netease_ui_pack_20260309\preview\19_download_full_page@2x.png",".png","raster","2400","1600","201.79"
"E:\FFmpeg_whisper\ffmpeg_music_player\design_exports\netease_ui_pack_20260309\preview\20_guest_full_page@2x.png",".png","raster","2400","1600","284.3"
"E:\FFmpeg_whisper\ffmpeg_music_player\design_exports\netease_ui_pack_20260309\preview\21_search_full_page@2x.png",".png","raster","2400","1600","233.59"
"E:\FFmpeg_whisper\ffmpeg_music_player\design_exports\netease_ui_pack_20260309\preview\22_queue_full_page@2x.png",".png","raster","2400","1600","314.7"
"E:\FFmpeg_whisper\ffmpeg_music_player\design_exports\netease_ui_pack_20260309\preview\23_lyrics_drag_full_page@2x.png",".png","raster","2400","1600","219.98"
"E:\FFmpeg_whisper\ffmpeg_music_player\design_exports\netease_ui_pack_20260309\preview\24_video_overlay_full_page@2x.png",".png","raster","2400","1600","177.82"
"E:\FFmpeg_whisper\ffmpeg_music_player\design_exports\netease_ui_pack_20260309\preview\25_login_error_full_page@2x.png",".png","raster","2400","1600","219.68"
"E:\FFmpeg_whisper\ffmpeg_music_player\design_exports\netease_ui_pack_20260309\preview\26_theme_variants_board@2x.png",".png","raster","2400","1600","238.9"
"E:\FFmpeg_whisper\ffmpeg_music_player\design_exports\netease_ui_pack_20260309\preview\27_system_feedback_board@2x.png",".png","raster","2400","1600","291.19"
"E:\FFmpeg_whisper\ffmpeg_music_player\design_exports\netease_ui_pack_20260309\preview\28_control_state_matrix@2x.png",".png","raster","2400","1600","267.51"
"E:\FFmpeg_whisper\ffmpeg_music_player\design_exports\netease_ui_pack_20260309\preview\29_dark_states_feedback_board@2x.png",".png","raster","2400","1600","268.03"
"E:\FFmpeg_whisper\ffmpeg_music_player\design_exports\netease_ui_pack_20260309\project_ready\auth\07_auth_welcome_board@2x.png",".png","raster","2400","1600","363.68"
"E:\FFmpeg_whisper\ffmpeg_music_player\design_exports\netease_ui_pack_20260309\project_ready\auth\20_guest_full_page@2x.png",".png","raster","2400","1600","284.3"
"E:\FFmpeg_whisper\ffmpeg_music_player\design_exports\netease_ui_pack_20260309\project_ready\auth\25_login_error_full_page@2x.png",".png","raster","2400","1600","219.68"
"E:\FFmpeg_whisper\ffmpeg_music_player\design_exports\netease_ui_pack_20260309\project_ready\auth\auth_module_showcase@2x.png",".png","raster","1600","1000","195.23"
"E:\FFmpeg_whisper\ffmpeg_music_player\design_exports\netease_ui_pack_20260309\project_ready\home\10_home_full_page@2x.png",".png","raster","2400","1600","327.12"
"E:\FFmpeg_whisper\ffmpeg_music_player\design_exports\netease_ui_pack_20260309\project_ready\home\21_search_full_page@2x.png",".png","raster","2400","1600","233.59"
"E:\FFmpeg_whisper\ffmpeg_music_player\design_exports\netease_ui_pack_20260309\project_ready\home\home_page_mockup@2x.png",".png","raster","1600","1000","215.01"
"E:\FFmpeg_whisper\ffmpeg_music_player\design_exports\netease_ui_pack_20260309\project_ready\home\recommend_module_showcase@2x.png",".png","raster","1600","1000","133.88"
"E:\FFmpeg_whisper\ffmpeg_music_player\design_exports\netease_ui_pack_20260309\project_ready\library\11_library_full_page@2x.png",".png","raster","2400","1600","250.2"
"E:\FFmpeg_whisper\ffmpeg_music_player\design_exports\netease_ui_pack_20260309\project_ready\library\17_playlist_detail_full_page@2x.png",".png","raster","2400","1600","308.02"
"E:\FFmpeg_whisper\ffmpeg_music_player\design_exports\netease_ui_pack_20260309\project_ready\library\18_history_full_page@2x.png",".png","raster","2400","1600","282.7"
"E:\FFmpeg_whisper\ffmpeg_music_player\design_exports\netease_ui_pack_20260309\project_ready\library\music_row_showcase@2x.png",".png","raster","1600","1000","143.01"
"E:\FFmpeg_whisper\ffmpeg_music_player\design_exports\netease_ui_pack_20260309\project_ready\player\12_player_full_page@2x.png",".png","raster","2400","1600","222.68"
"E:\FFmpeg_whisper\ffmpeg_music_player\design_exports\netease_ui_pack_20260309\project_ready\player\22_queue_full_page@2x.png",".png","raster","2400","1600","314.7"
"E:\FFmpeg_whisper\ffmpeg_music_player\design_exports\netease_ui_pack_20260309\project_ready\player\23_lyrics_drag_full_page@2x.png",".png","raster","2400","1600","219.98"
"E:\FFmpeg_whisper\ffmpeg_music_player\design_exports\netease_ui_pack_20260309\project_ready\player\player_control_showcase@2x.png",".png","raster","1600","1000","87.23"
"E:\FFmpeg_whisper\ffmpeg_music_player\design_exports\netease_ui_pack_20260309\project_ready\player\player_page_mockup@2x.png",".png","raster","1600","1000","166.04"
"E:\FFmpeg_whisper\ffmpeg_music_player\design_exports\netease_ui_pack_20260309\project_ready\plugin\15_plugin_full_page@2x.png",".png","raster","2400","1600","239.69"
"E:\FFmpeg_whisper\ffmpeg_music_player\design_exports\netease_ui_pack_20260309\project_ready\plugin\27_system_feedback_board@2x.png",".png","raster","2400","1600","291.19"
"E:\FFmpeg_whisper\ffmpeg_music_player\design_exports\netease_ui_pack_20260309\project_ready\plugin\29_dark_states_feedback_board@2x.png",".png","raster","2400","1600","268.03"
"E:\FFmpeg_whisper\ffmpeg_music_player\design_exports\netease_ui_pack_20260309\project_ready\plugin\dialog_menu_dark_showcase@2x.png",".png","raster","1600","1000","114.05"
"E:\FFmpeg_whisper\ffmpeg_music_player\design_exports\netease_ui_pack_20260309\project_ready\plugin\feedback_state_showcase@2x.png",".png","raster","1600","1000","167.89"
"E:\FFmpeg_whisper\ffmpeg_music_player\design_exports\netease_ui_pack_20260309\project_ready\plugin\system_feedback_showcase@2x.png",".png","raster","1600","1000","192.21"
"E:\FFmpeg_whisper\ffmpeg_music_player\design_exports\netease_ui_pack_20260309\project_ready\settings\14_settings_full_page@2x.png",".png","raster","2400","1600","247.4"
"E:\FFmpeg_whisper\ffmpeg_music_player\design_exports\netease_ui_pack_20260309\project_ready\settings\26_theme_variants_board@2x.png",".png","raster","2400","1600","238.9"
"E:\FFmpeg_whisper\ffmpeg_music_player\design_exports\netease_ui_pack_20260309\project_ready\settings\28_control_state_matrix@2x.png",".png","raster","2400","1600","267.51"
"E:\FFmpeg_whisper\ffmpeg_music_player\design_exports\netease_ui_pack_20260309\project_ready\settings\button_state_showcase@2x.png",".png","raster","1600","1000","157.42"
"E:\FFmpeg_whisper\ffmpeg_music_player\design_exports\netease_ui_pack_20260309\project_ready\settings\input_state_showcase@2x.png",".png","raster","1600","1000","150.33"
"E:\FFmpeg_whisper\ffmpeg_music_player\design_exports\netease_ui_pack_20260309\project_ready\settings\settings_plugin_showcase@2x.png",".png","raster","1600","1000","145.23"
"E:\FFmpeg_whisper\ffmpeg_music_player\design_exports\netease_ui_pack_20260309\project_ready\state\state_empty_library@2x.png",".png","raster","1400","1200","116.76"
"E:\FFmpeg_whisper\ffmpeg_music_player\design_exports\netease_ui_pack_20260309\project_ready\state\state_login_error@2x.png",".png","raster","1400","1200","109.4"
"E:\FFmpeg_whisper\ffmpeg_music_player\design_exports\netease_ui_pack_20260309\project_ready\state\state_login_error_dark@2x.png",".png","raster","1400","1200","63.67"
"E:\FFmpeg_whisper\ffmpeg_music_player\design_exports\netease_ui_pack_20260309\project_ready\state\state_login_required@2x.png",".png","raster","1400","1200","119.69"
"E:\FFmpeg_whisper\ffmpeg_music_player\design_exports\netease_ui_pack_20260309\project_ready\state\state_sync_conflict@2x.png",".png","raster","1400","1200","113.29"
"E:\FFmpeg_whisper\ffmpeg_music_player\design_exports\netease_ui_pack_20260309\project_ready\state\state_sync_conflict_dark@2x.png",".png","raster","1400","1200","61.85"
"E:\FFmpeg_whisper\ffmpeg_music_player\design_exports\netease_ui_pack_20260309\project_ready\user\16_user_center_full_page@2x.png",".png","raster","2400","1600","267.35"
"E:\FFmpeg_whisper\ffmpeg_music_player\design_exports\netease_ui_pack_20260309\project_ready\user\19_download_full_page@2x.png",".png","raster","2400","1600","201.79"
"E:\FFmpeg_whisper\ffmpeg_music_player\design_exports\netease_ui_pack_20260309\project_ready\user\download_page_mockup@2x.png",".png","raster","1600","1000","139.19"
"E:\FFmpeg_whisper\ffmpeg_music_player\design_exports\netease_ui_pack_20260309\project_ready\user\user_center_mockup@2x.png",".png","raster","1600","1000","158.09"
"E:\FFmpeg_whisper\ffmpeg_music_player\design_exports\netease_ui_pack_20260309\project_ready\video\13_video_full_page@2x.png",".png","raster","2400","1600","233.76"
"E:\FFmpeg_whisper\ffmpeg_music_player\design_exports\netease_ui_pack_20260309\project_ready\video\24_video_overlay_full_page@2x.png",".png","raster","2400","1600","177.82"
"E:\FFmpeg_whisper\ffmpeg_music_player\design_exports\netease_ui_pack_20260309\project_ready\video\video_icon_states_showcase@2x.png",".png","raster","1600","1000","88.07"
